Name,KOI
Kepler-1 b,K00001.01
Kepler-10 b,K00072.01
Kepler-10 c,K00072.02
Kepler-100 b,K00041.02
Kepler-100 c,K00041.01
Kepler-100 d,K00041.03
Kepler-1000 b,K01888.01
Kepler-1001 b,K01889.01
Kepler-1001 c,K01889.02
Kepler-1002 b,K01890.01
Kepler-1003 b,K01893.01
Kepler-1004 b,K01894.01
Kepler-1005 b,K01898.01
Kepler-1006 b,K01899.01
Kepler-1007 b,K01900.01
Kepler-1008 A b,K01904.01
Kepler-1009 b,K01907.01
Kepler-101 b,K00046.01
Kepler-101 c,K00046.02
Kepler-1010 b,K01910.01
Kepler-1011 b,K01911.01
Kepler-1012 b,K01913.01
Kepler-1013 b,K01914.01
Kepler-1014 b,K01920.01
Kepler-1015 b,K01921.01
Kepler-1016 b,K01922.01
Kepler-1016 c,K01922.03
Kepler-1017 b,K01923.01
Kepler-1018 b,K01933.01
Kepler-1019 b,K01937.01
Kepler-102 b,K00082.05
Kepler-102 c,K00082.04
Kepler-102 d,K00082.02
Kepler-102 e,K00082.01
Kepler-102 f,K00082.03
Kepler-1020 b,K01938.01
Kepler-1021 b,K01939.01
Kepler-1022 b,K01940.01
Kepler-1023 b,K01945.01
Kepler-1024 b,K01950.01
Kepler-1025 b,K01951.01
Kepler-1026 b,K01959.01
Kepler-1027 A b,K01961.01
Kepler-1028 b,K01965.01
Kepler-1029 b,K01967.01
Kepler-103 b,K00108.01
Kepler-103 c,K00108.02
Kepler-1030 b,K01971.01
Kepler-1031 b,K01972.02
Kepler-1032 b,K01973.01
Kepler-1033 b,K01975.01
Kepler-1034 b,K01976.01
Kepler-1035 b,K01979.01
Kepler-1036 b,K01980.01
Kepler-1037 b,K01981.01
Kepler-1038 b,K01986.01
Kepler-1039 b,K01988.01
Kepler-104 A b,K00111.01
Kepler-104 A c,K00111.02
Kepler-104 A d,K00111.03
Kepler-1040 b,K01989.01
Kepler-1041 b,K01990.01
Kepler-1042 b,K01996.01
Kepler-1043 b,K01997.01
Kepler-1044 b,K01998.01
Kepler-1045 b,K02000.01
Kepler-1046 b,K02002.01
Kepler-1047 b,K02004.01
Kepler-1047 c,K02004.02
Kepler-1048 b,K02005.01
Kepler-1049 b,K02006.01
Kepler-105 b,K00115.01
Kepler-105 c,K00115.02
Kepler-1050 b,K02007.01
Kepler-1050 c,K02007.02
Kepler-1051 b,K02010.01
Kepler-1052 b,K02012.01
Kepler-1053 b,K02013.01
Kepler-1054 b,K02016.01
Kepler-1055 b,K02017.01
Kepler-1056 b,K02018.01
Kepler-1057 b,K02019.01
Kepler-1058 b,K02020.01
Kepler-1059 b,K02021.01
Kepler-106 b,K00116.03
Kepler-106 c,K00116.01
Kepler-106 d,K00116.04
Kepler-106 e,K00116.02
Kepler-1060 b,K02024.01
Kepler-1061 b,K02026.01
Kepler-1062 b,K02031.01
Kepler-1063 A b,K02032.01
Kepler-1064 b,K02033.01
Kepler-1065 b,K02034.01
Kepler-1065 c,K02034.02
Kepler-1066 b,K02035.01
Kepler-1067 b,K02039.02
Kepler-1068 b,K02044.01
Kepler-1069 b,K02046.01
Kepler-107 b,K00117.03
Kepler-107 c,K00117.02
Kepler-107 d,K00117.04
Kepler-107 e,K00117.01
Kepler-1070 b,K02047.01
Kepler-1071 b,K02048.01
Kepler-1072 b,K02049.01
Kepler-1073 b,K02055.01
Kepler-1073 c,K02055.02
Kepler-1074 b,K02057.01
Kepler-1075 b,K02058.01
Kepler-1076 b,K02059.01
Kepler-1077 b,K02062.01
Kepler-1078 b,K02063.01
Kepler-1079 b,K02067.01
Kepler-108 B b,K00119.01
Kepler-108 B c,K00119.02
Kepler-1080 b,K02069.01
Kepler-1081 b,K02071.01
Kepler-1082 b,K02072.01
Kepler-1083 b,K02074.01
Kepler-1084 b,K02075.01
Kepler-1085 b,K02076.02
Kepler-1085 c,K02076.01
Kepler-1086 B b,K02078.01
Kepler-1086 B c,K02078.02
Kepler-1087 b,K02079.01
Kepler-1088 b,K02087.01
Kepler-1089 b,K02090.01
Kepler-109 b,K00123.01
Kepler-109 c,K00123.02
Kepler-1090 b,K02094.02
Kepler-1091 b,K02095.01
Kepler-1092 b,K02097.01
Kepler-1093 b,K02098.01
Kepler-1093 c,K02098.02
Kepler-1094 b,K02099.01
Kepler-1095 b,K02100.01
Kepler-1096 b,K02101.01
Kepler-1097 b,K02102.01
Kepler-1098 b,K02103.01
Kepler-1099 b,K02104.01
Kepler-11 b,K00157.06
Kepler-11 c,K00157.01
Kepler-11 d,K00157.02
Kepler-11 e,K00157.03
Kepler-11 f,K00157.04
Kepler-11 g,K00157.05
Kepler-110 b,K00124.01
Kepler-110 c,K00124.02
Kepler-1100 b,K02105.01
Kepler-1101 b,K02107.01
Kepler-1102 b,K02108.01
Kepler-1103 b,K02109.01
Kepler-1104 b,K02110.01
Kepler-1105 b,K02114.01
Kepler-1106 b,K02116.01
Kepler-1107 b,K02119.01
Kepler-1108 b,K02121.01
Kepler-1109 b,K02122.01
Kepler-111 b,K00139.02
Kepler-111 c,K00139.01
Kepler-1110 b,K02126.01
Kepler-1111 b,K02129.01
Kepler-1112 b,K02131.01
Kepler-1113 b,K02134.01
Kepler-1114 b,K02137.01
Kepler-1115 b,K02138.01
Kepler-1116 b,K02140.01
Kepler-1117 b,K02143.01
Kepler-1118 b,K02144.01
Kepler-1119 b,K02145.01
Kepler-112 b,K00150.01
Kepler-112 c,K00150.02
Kepler-1120 b,K02146.01
Kepler-1121 b,K02149.01
Kepler-1122 b,K02152.01
Kepler-1123 b,K02155.01
Kepler-1124 b,K02156.01
Kepler-1125 b,K02160.01
Kepler-1126 b,K02162.01
Kepler-1127 b,K02164.01
Kepler-1128 b,K02166.01
Kepler-1129 b,K02167.01
Kepler-1129 c,K02167.03
Kepler-113 b,K00153.02
Kepler-113 c,K00153.01
Kepler-1130 A b,K02169.01
Kepler-1131 b,K02171.01
Kepler-1132 b,K02177.01
Kepler-1133 b,K02180.01
Kepler-1134 b,K02182.01
Kepler-1135 b,K02185.01
Kepler-1136 b,K02193.01
Kepler-1137 b,K02198.01
Kepler-1138 b,K02200.01
Kepler-1139 b,K02202.01
Kepler-114 b,K00156.02
Kepler-114 c,K00156.01
Kepler-114 d,K00156.03
Kepler-1140 b,K02205.01
Kepler-1141 b,K02208.01
Kepler-1142 b,K02209.01
Kepler-1143 b,K02210.01
Kepler-1143 c,K02210.02
Kepler-1144 b,K02212.01
Kepler-1145 b,K02213.01
Kepler-1146 b,K02214.01
Kepler-1147 b,K02221.01
Kepler-1148 b,K02223.01
Kepler-1149 b,K02224.01
Kepler-115 b,K00159.02
Kepler-115 c,K00159.01
Kepler-1150 B b,K02225.01
Kepler-1151 b,K02227.01
Kepler-1152 b,K02238.01
Kepler-1153 b,K02242.01
Kepler-1154 b,K02243.01
Kepler-1154 c,K02243.02
Kepler-1155 b,K02245.01
Kepler-1156 b,K02246.01
Kepler-1157 b,K02247.01
Kepler-1158 b,K02252.01
Kepler-1159 b,K02253.01
Kepler-116 b,K00171.01
Kepler-116 c,K00171.02
Kepler-1160 b,K02255.01
Kepler-1161 b,K02256.01
Kepler-1162 b,K02257.01
Kepler-1163 b,K02260.01
Kepler-1164 b,K02261.01
Kepler-1165 b,K02263.02
Kepler-1166 b,K02264.01
Kepler-1167 b,K02266.01
Kepler-1168 b,K02271.01
Kepler-1169 b,K02273.01
Kepler-117 b,K00209.02
Kepler-117 c,K00209.01
Kepler-1170 b,K02274.01
Kepler-1171 b,K02276.01
Kepler-1172 b,K02280.01
Kepler-1173 b,K02281.01
Kepler-1174 b,K02282.01
Kepler-1175 b,K02285.01
Kepler-1176 b,K02286.01
Kepler-1177 b,K02296.01
Kepler-1178 b,K02298.02
Kepler-1179 b,K02300.01
Kepler-118 b,K00216.02
Kepler-118 c,K00216.01
Kepler-1180 b,K02302.01
Kepler-1181 b,K02303.01
Kepler-1182 b,K02304.01
Kepler-1183 b,K02308.01
Kepler-1184 b,K02309.01
Kepler-1185 b,K02311.03
Kepler-1186 b,K02313.01
Kepler-1187 b,K02314.01
Kepler-1188 b,K02316.01
Kepler-1189 b,K02317.01
Kepler-119 b,K00220.01
Kepler-119 c,K00220.02
Kepler-1190 b,K02318.01
Kepler-1191 b,K02327.01
Kepler-1192 b,K02328.01
Kepler-1193 b,K02331.01
Kepler-1194 b,K02335.01
Kepler-1195 b,K02337.01
Kepler-1196 b,K02338.01
Kepler-1197 b,K02339.01
Kepler-1198 b,K02340.01
Kepler-1199 b,K02342.01
Kepler-12 b,K00020.01
Kepler-120 b,K00222.01
Kepler-120 c,K00222.02
Kepler-1200 b,K02344.01
Kepler-1201 b,K02345.01
Kepler-1202 b,K02346.01
Kepler-1203 b,K02347.01
Kepler-1204 b,K02348.01
Kepler-1205 b,K02350.01
Kepler-1206 b,K02355.01
Kepler-1207 b,K02356.01
Kepler-1208 b,K02362.02
Kepler-1209 b,K02366.01
Kepler-121 b,K00223.01
Kepler-121 c,K00223.02
Kepler-1210 b,K02368.01
Kepler-1211 b,K02369.01
Kepler-1212 b,K02371.01
Kepler-1213 b,K02372.01
Kepler-1214 b,K02376.01
Kepler-1215 b,K02378.01
Kepler-1216 b,K02383.01
Kepler-1217 b,K02387.01
Kepler-1218 b,K02389.01
Kepler-1219 b,K02390.01
Kepler-122 b,K00232.02
Kepler-122 c,K00232.01
Kepler-122 d,K00232.03
Kepler-122 e,K00232.04
Kepler-122 f,K00232.05
Kepler-1220 b,K02392.01
Kepler-1221 b,K02397.01
Kepler-1222 b,K02399.01
Kepler-1223 b,K02402.01
Kepler-1224 b,K02403.01
Kepler-1225 b,K02406.01
Kepler-1226 b,K02407.01
Kepler-1227 b,K02408.01
Kepler-1228 b,K02409.01
Kepler-1229 b,K02418.01
Kepler-123 b,K00238.01
Kepler-123 c,K00238.02
Kepler-1230 b,K02419.01
Kepler-1231 b,K02420.01
Kepler-1232 b,K02422.01
Kepler-1233 b,K02423.01
Kepler-1234 b,K02424.01
Kepler-1235 b,K02426.01
Kepler-1236 b,K02432.01
Kepler-1237 b,K02436.01
Kepler-1238 b,K02437.01
Kepler-1239 b,K02439.01
Kepler-124 b,K00241.03
Kepler-124 c,K00241.01
Kepler-124 d,K00241.02
Kepler-1240 b,K02440.01
Kepler-1241 b,K02444.01
Kepler-1242 b,K02448.01
Kepler-1243 b,K02450.01
Kepler-1244 b,K02457.01
Kepler-1245 b,K02458.01
Kepler-1245 c,K02458.02
Kepler-1246 b,K02460.01
Kepler-1247 b,K02461.01
Kepler-1248 b,K02463.01
Kepler-1249 b,K02468.01
Kepler-125 b,K00251.01
Kepler-125 c,K00251.02
Kepler-1250 b,K02472.01
Kepler-1251 b,K02482.01
Kepler-1252 b,K02483.01
Kepler-1253 b,K02484.01
Kepler-1254 b,K02485.01
Kepler-1254 c,K02485.02
Kepler-1254 d,K02485.03
Kepler-1255 b,K02487.01
Kepler-1256 b,K02488.01
Kepler-1257 b,K02491.01
Kepler-1258 b,K02492.01
Kepler-1259 b,K02493.01
Kepler-126 b,K00260.01
Kepler-126 c,K00260.03
Kepler-126 d,K00260.02
Kepler-1260 b,K02494.01
Kepler-1261 b,K02497.01
Kepler-1262 b,K02506.01
Kepler-1263 b,K02509.01
Kepler-1264 b,K02517.01
Kepler-1265 b,K02520.01
Kepler-1266 b,K02521.01
Kepler-1267 b,K02523.01
Kepler-1268 b,K02524.01
Kepler-1269 b,K02530.01
Kepler-127 b,K00271.03
Kepler-127 c,K00271.02
Kepler-127 d,K00271.01
Kepler-1270 b,K02533.01
Kepler-1271 b,K02534.01
Kepler-1272 b,K02536.01
Kepler-1273 b,K02544.01
Kepler-1274 b,K02545.01
Kepler-1275 b,K02552.01
Kepler-1276 b,K02555.01
Kepler-1277 b,K02556.01
Kepler-1278 b,K02561.01
Kepler-1279 b,K02563.01
Kepler-128 b,K00274.01
Kepler-128 c,K00274.02
Kepler-1280 b,K02564.01
Kepler-1281 b,K02580.01
Kepler-1282 b,K02586.01
Kepler-1283 b,K02587.01
Kepler-1284 b,K02589.01
Kepler-1285 b,K02593.01
Kepler-1286 b,K02594.01
Kepler-1287 b,K02602.01
Kepler-1288 b,K02608.01
Kepler-1289 b,K02614.01
Kepler-129 b,K00275.01
Kepler-129 c,K00275.02
Kepler-1290 b,K02615.01
Kepler-1291 b,K02617.01
Kepler-1292 b,K02619.01
Kepler-1293 b,K02623.01
Kepler-1294 b,K02624.01
Kepler-1295 b,K02625.01
Kepler-1296 b,K02627.01
Kepler-1297 b,K02628.01
Kepler-1298 b,K02632.01
Kepler-1299 b,K02634.01
Kepler-13 b,K00013.01
Kepler-130 A b,K00282.02
Kepler-130 A c,K00282.01
Kepler-130 A d,K00282.03
Kepler-1300 b,K02635.01
Kepler-1301 b,K02643.01
Kepler-1302 b,K02647.01
Kepler-1303 b,K02649.01
Kepler-1304 b,K02652.01
Kepler-1305 b,K02654.01
Kepler-1306 b,K02655.01
Kepler-1307 b,K02660.01
Kepler-1308 b,K02662.01
Kepler-1309 b,K02664.01
Kepler-131 b,K00283.01
Kepler-131 c,K00283.02
Kepler-1310 b,K02668.01
Kepler-1311 b,K02674.02
Kepler-1311 c,K02674.03
Kepler-1312 b,K02675.01
Kepler-1313 b,K02678.01
Kepler-1314 b,K02688.01
Kepler-1315 b,K02694.01
Kepler-1316 b,K02698.01
Kepler-1317 b,K02699.01
Kepler-1318 b,K02703.01
Kepler-1319 A b,K02705.01
Kepler-132 A b,K00284.03
Kepler-132 A c,K00284.02
Kepler-132 A d,K00284.01
Kepler-132 A e,K00284.04
Kepler-1320 b,K02708.01
Kepler-1321 b,K02715.01
Kepler-1321 c,K02715.02
Kepler-1322 b,K02716.01
Kepler-1323 b,K02717.01
Kepler-1324 b,K02719.01
Kepler-1325 b,K02721.01
Kepler-1326 b,K02728.01
Kepler-1327 b,K02729.01
Kepler-1328 b,K02730.01
Kepler-1329 b,K02736.01
Kepler-133 b,K00291.02
Kepler-133 c,K00291.01
Kepler-1330 b,K02739.01
Kepler-1331 b,K02742.01
Kepler-1332 b,K02743.01
Kepler-1333 b,K02744.01
Kepler-1334 b,K02745.01
Kepler-1335 b,K02747.01
Kepler-1336 b,K02748.01
Kepler-1336 c,K02748.02
Kepler-1337 b,K02751.01
Kepler-1338 b,K02753.01
Kepler-1339 b,K02754.01
Kepler-134 b,K00295.01
Kepler-134 c,K00295.02
Kepler-1340 b,K02756.01
Kepler-1341 A b,K02762.01
Kepler-1342 b,K02778.01
Kepler-1343 b,K02780.01
Kepler-1344 b,K02785.01
Kepler-1345 b,K02786.01
Kepler-1346 b,K02789.01
Kepler-1347 b,K02790.01
Kepler-1348 b,K02791.01
Kepler-1349 b,K02792.01
Kepler-135 b,K00301.01
Kepler-135 c,K00301.02
Kepler-1350 b,K02793.01
Kepler-1350 c,K02793.02
Kepler-1351 b,K02798.01
Kepler-1352 b,K02805.01
Kepler-1353 b,K02806.01
Kepler-1354 b,K02812.01
Kepler-1355 b,K02816.01
Kepler-1356 b,K02817.01
Kepler-1357 b,K02820.01
Kepler-1358 b,K02827.01
Kepler-1359 b,K02828.01
Kepler-136 A b,K00312.01
Kepler-136 A c,K00312.02
Kepler-1360 b,K02830.01
Kepler-1361 b,K02832.01
Kepler-1362 b,K02834.01
Kepler-1363 b,K02836.01
Kepler-1364 b,K02837.01
Kepler-1365 b,K02838.01
Kepler-1365 c,K02838.02
Kepler-1366 b,K02839.01
Kepler-1367 b,K02845.01
Kepler-1368 b,K02852.01
Kepler-1369 b,K02856.01
Kepler-137 b,K00313.02
Kepler-137 c,K00313.01
Kepler-1370 b,K02857.01
Kepler-1370 c,K02857.02
Kepler-1371 b,K02859.01
Kepler-1371 c,K02859.02
Kepler-1372 b,K02865.01
Kepler-1373 b,K02866.01
Kepler-1374 b,K02868.01
Kepler-1375 b,K02869.01
Kepler-1376 b,K02877.01
Kepler-1377 b,K02880.01
Kepler-1378 b,K02883.01
Kepler-1379 b,K02886.01
Kepler-138 b,K00314.03
Kepler-138 c,K00314.01
Kepler-138 d,K00314.02
Kepler-1380 b,K02894.01
Kepler-1381 b,K02898.01
Kepler-1382 b,K02904.01
Kepler-1383 b,K02906.01
Kepler-1384 b,K02910.01
Kepler-1385 b,K02913.01
Kepler-1386 b,K02920.01
Kepler-1387 b,K02924.01
Kepler-1388 b,K02926.01
Kepler-1388 c,K02926.02
Kepler-1388 d,K02926.03
Kepler-1388 e,K02926.04
Kepler-1389 b,K02931.01
Kepler-139 b,K00316.01
Kepler-139 c,K00316.02
Kepler-1390 b,K02936.01
Kepler-1391 b,K02943.01
Kepler-1392 b,K02946.01
Kepler-1393 b,K02951.01
Kepler-1394 b,K02956.01
Kepler-1395 b,K02961.01
Kepler-1396 b,K02963.01
Kepler-1397 b,K02964.01
Kepler-1398 b,K02977.01
Kepler-1398 c,K02977.02
Kepler-1399 b,K02980.01
Kepler-14 b,K00098.01
Kepler-140 b,K00327.01
Kepler-140 c,K00327.02
Kepler-1400 b,K02981.01
Kepler-1401 b,K02990.01
Kepler-1402 b,K02994.01
Kepler-1403 b,K02995.01
Kepler-1404 b,K02996.01
Kepler-1405 b,K02998.01
Kepler-1406 b,K03002.01
Kepler-1407 b,K03004.01
Kepler-1408 b,K03008.01
Kepler-1409 b,K03009.01
Kepler-141 b,K00338.02
Kepler-141 c,K00338.01
Kepler-1410 b,K03010.01
Kepler-1411 b,K03014.01
Kepler-1412 b,K03015.01
Kepler-1413 b,K03025.01
Kepler-1414 b,K03026.01
Kepler-1415 b,K03032.01
Kepler-1416 b,K03038.01
Kepler-1417 b,K03039.01
Kepler-1418 b,K03049.01
Kepler-1419 b,K03053.01
Kepler-142 b,K00343.02
Kepler-142 c,K00343.01
Kepler-142 d,K00343.03
Kepler-1420 b,K03056.01
Kepler-1421 b,K03060.01
Kepler-1422 b,K03063.01
Kepler-1423 b,K03071.01
Kepler-1424 b,K03093.01
Kepler-1425 b,K03096.01
Kepler-1426 b,K03101.01
Kepler-1427 b,K03106.01
Kepler-1428 b,K03109.01
Kepler-1429 b,K03110.01
Kepler-143 b,K00352.02
Kepler-143 c,K00352.01
Kepler-1430 b,K03113.01
Kepler-1431 b,K03115.01
Kepler-1432 b,K03116.01
Kepler-1433 b,K03120.01
Kepler-1434 b,K03122.01
Kepler-1435 b,K03125.01
Kepler-1436 b,K03127.01
Kepler-1437 b,K03131.01
Kepler-1438 b,K03141.01
Kepler-1439 b,K03144.01
Kepler-144 b,K00369.01
Kepler-144 c,K00369.02
Kepler-1440 b,K03146.01
Kepler-1441 b,K03147.01
Kepler-1442 b,K03220.01
Kepler-1443 b,K03234.01
Kepler-1444 b,K03237.01
Kepler-1445 b,K03245.01
Kepler-1446 b,K03246.01
Kepler-1447 b,K03260.01
Kepler-1448 b,K03261.01
Kepler-1449 b,K03262.01
Kepler-145 b,K00370.02
Kepler-145 c,K00370.01
Kepler-1450 b,K03266.01
Kepler-1451 b,K03274.01
Kepler-1452 b,K03277.01
Kepler-1453 b,K03280.01
Kepler-1454 b,K03281.01
Kepler-1455 b,K03282.01
Kepler-1456 b,K03286.01
Kepler-1457 b,K03287.01
Kepler-1458 b,K03288.01
Kepler-1459 b,K03296.01
Kepler-146 b,K00386.01
Kepler-146 c,K00386.02
Kepler-1460 b,K03298.01
Kepler-1461 b,K03303.01
Kepler-1462 b,K03305.01
Kepler-1463 b,K03306.01
Kepler-1464 b,K03308.01
Kepler-1464 c,K03308.02
Kepler-1465 b,K03311.01
Kepler-1466 b,K03315.01
Kepler-1467 b,K03316.01
Kepler-1468 b,K03319.02
Kepler-1468 c,K03319.03
Kepler-1469 b,K03324.01
Kepler-147 b,K00392.02
Kepler-147 c,K00392.01
Kepler-1470 b,K03330.01
Kepler-1471 b,K03344.02
Kepler-1472 b,K03345.01
Kepler-1473 b,K03346.01
Kepler-1474 b,K03348.01
Kepler-1475 b,K03349.01
Kepler-1476 b,K03352.01
Kepler-1477 b,K03353.01
Kepler-1478 b,K03356.01
Kepler-1479 b,K03363.01
Kepler-148 b,K00398.03
Kepler-148 c,K00398.02
Kepler-148 d,K00398.01
Kepler-1480 A b,K03365.01
Kepler-1481 b,K03370.02
Kepler-1482 b,K03371.02
Kepler-1483 b,K03374.01
Kepler-1484 b,K03379.01
Kepler-1485 b,K03384.02
Kepler-1486 b,K03393.01
Kepler-1487 b,K03398.01
Kepler-1488 b,K03403.01
Kepler-1489 b,K03404.01
Kepler-149 b,K00401.01
Kepler-149 c,K00401.03
Kepler-149 d,K00401.02
Kepler-1490 b,K03407.01
Kepler-1491 b,K03410.01
Kepler-1492 b,K03412.01
Kepler-1493 b,K03415.01
Kepler-1494 b,K03417.01
Kepler-1495 b,K03418.01
Kepler-1496 b,K03428.01
Kepler-1497 b,K03429.02
Kepler-1498 b,K03432.01
Kepler-1499 b,K03436.01
Kepler-15 b,K00128.01
Kepler-150 b,K00408.04
Kepler-150 c,K00408.01
Kepler-150 d,K00408.02
Kepler-150 e,K00408.03
Kepler-1500 b,K03437.01
Kepler-1501 b,K03438.01
Kepler-1502 b,K03439.01
Kepler-1503 b,K03443.01
Kepler-1504 b,K03445.01
Kepler-1505 b,K03456.01
Kepler-1506 b,K03458.01
Kepler-1507 b,K03465.01
Kepler-1508 b,K03468.01
Kepler-1509 b,K03470.02
Kepler-151 b,K00413.01
Kepler-151 c,K00413.02
Kepler-1510 b,K03484.01
Kepler-1511 b,K03496.01
Kepler-1512 b,K03497.01
Kepler-1513 b,K03678.01
Kepler-1514 b,K03681.01
Kepler-1514 c,K03681.02
Kepler-1515 b,K03683.01
Kepler-1516 b,K03685.02
Kepler-1517 b,K03728.01
Kepler-1518 b,K03741.03
Kepler-1519 b,K03762.01
Kepler-152 b,K00416.01
Kepler-152 c,K00416.02
Kepler-1520 b,K03794.01
Kepler-1521 b,K03835.01
Kepler-1522 b,K03848.01
Kepler-1523 b,K03867.01
Kepler-1524 b,K03878.01
Kepler-1525 b,K03892.01
Kepler-1526 b,K03893.01
Kepler-1527 b,K03901.01
Kepler-1528 b,K03911.01
Kepler-1529 b,K03916.01
Kepler-153 b,K00431.01
Kepler-153 c,K00431.02
Kepler-1530 b,K03925.02
Kepler-1530 c,K03925.03
Kepler-1531 b,K03928.01
Kepler-1532 b,K03935.01
Kepler-1533 b,K03946.01
Kepler-1534 b,K03954.02
Kepler-1535 b,K03966.01
Kepler-1536 b,K03975.01
Kepler-1537 b,K03984.01
Kepler-1538 b,K04009.01
Kepler-1539 b,K04015.01
Kepler-154 b,K00435.03
Kepler-154 c,K00435.05
Kepler-154 d,K00435.01
Kepler-154 e,K00435.04
Kepler-154 f,K00435.06
Kepler-1540 A b,K04016.01
Kepler-1541 b,K04024.01
Kepler-1542 b,K04032.01
Kepler-1542 c,K04032.02
Kepler-1542 d,K04032.03
Kepler-1542 e,K04032.04
Kepler-1543 b,K04034.01
Kepler-1544 b,K04036.01
Kepler-1545 b,K04051.01
Kepler-1546 b,K04068.01
Kepler-1547 b,K04072.01
Kepler-1548 b,K04076.01
Kepler-1549 b,K04084.01
Kepler-155 b,K00438.01
Kepler-155 c,K00438.02
Kepler-1550 b,K04091.01
Kepler-1551 b,K04092.01
Kepler-1552 b,K04103.01
Kepler-1553 b,K04117.01
Kepler-1554 b,K04121.01
Kepler-1555 b,K04126.01
Kepler-1556 b,K04127.01
Kepler-1557 b,K04139.01
Kepler-1558 b,K04146.01
Kepler-1559 b,K04159.01
Kepler-156 b,K00440.02
Kepler-156 c,K00440.01
Kepler-1560 b,K04160.01
Kepler-1561 b,K04169.01
Kepler-1562 b,K04189.01
Kepler-1563 b,K04190.01
Kepler-1564 b,K04192.01
Kepler-1565 b,K04194.01
Kepler-1566 b,K04199.01
Kepler-1567 b,K04202.01
Kepler-1568 b,K04204.01
Kepler-1569 b,K04212.01
Kepler-157 b,K00442.02
Kepler-157 c,K00442.01
Kepler-157 d,K00442.03
Kepler-1570 b,K04215.01
Kepler-1571 b,K04222.01
Kepler-1572 b,K04230.01
Kepler-1573 b,K04232.01
Kepler-1574 b,K04234.01
Kepler-1575 b,K04241.01
Kepler-1576 b,K04246.01
Kepler-1577 b,K04255.01
Kepler-1578 b,K04261.01
Kepler-1579 b,K04268.01
Kepler-158 b,K00446.01
Kepler-158 c,K00446.02
Kepler-1580 b,K04276.01
Kepler-1581 b,K04288.01
Kepler-1582 b,K04290.01
Kepler-1583 b,K04292.01
Kepler-1584 b,K04295.01
Kepler-1585 b,K04300.01
Kepler-1586 b,K04301.01
Kepler-1587 b,K04304.01
Kepler-1588 b,K04312.01
Kepler-1589 b,K04327.01
Kepler-159 b,K00448.01
Kepler-159 c,K00448.02
Kepler-1590 b,K04335.01
Kepler-1591 b,K04337.01
Kepler-1592 b,K04347.01
Kepler-1593 b,K04356.01
Kepler-1594 b,K04360.01
Kepler-1595 b,K04364.01
Kepler-1596 b,K04371.01
Kepler-1597 b,K04382.01
Kepler-1598 b,K04383.01
Kepler-1599 b,K04384.01
Kepler-160 b,K00456.02
Kepler-160 c,K00456.01
Kepler-1600 b,K04385.02
Kepler-1601 b,K04400.01
Kepler-1602 b,K04411.01
Kepler-1603 b,K04424.01
Kepler-1604 b,K04441.01
Kepler-1605 b,K04446.01
Kepler-1606 b,K04450.01
Kepler-1607 b,K04473.01
Kepler-1608 b,K04474.01
Kepler-1609 b,K04491.01
Kepler-161 b,K00457.01
Kepler-161 c,K00457.02
Kepler-1610 b,K04500.01
Kepler-1611 b,K04510.01
Kepler-1612 b,K04513.01
Kepler-1613 b,K04561.01
Kepler-1614 b,K04566.01
Kepler-1615 b,K04571.01
Kepler-1616 b,K04585.01
Kepler-1617 b,K04617.01
Kepler-1618 b,K04640.01
Kepler-1619 b,K04693.01
Kepler-162 b,K00459.02
Kepler-162 c,K00459.01
Kepler-1620 b,K04706.01
Kepler-1621 b,K04747.01
Kepler-1622 b,K04765.01
Kepler-1623 b,K04803.01
Kepler-1624 b,K04928.01
Kepler-1625 b,K05084.01
Kepler-1626 b,K05178.01
Kepler-1627 b,K05245.01
Kepler-1628 b,K05416.01
Kepler-1629 b,K05447.02
Kepler-163 b,K00471.02
Kepler-163 c,K00471.01
Kepler-1630 b,K05454.01
Kepler-1631 b,K05466.01
Kepler-1632 b,K05475.01
Kepler-1633 b,K05568.01
Kepler-1634 b,K05581.01
Kepler-1635 b,K05622.01
Kepler-1636 b,K05706.01
Kepler-1637 b,K05827.01
Kepler-1638 b,K05856.01
Kepler-1639 b,K05875.01
Kepler-164 b,K00474.04
Kepler-164 c,K00474.01
Kepler-164 d,K00474.02
Kepler-1640 b,K06132.02
Kepler-1641 b,K06145.01
Kepler-1641 c,K06145.02
Kepler-1642 b,K06166.01
Kepler-1642 c,K06166.02
Kepler-1643 b,K06186.01
Kepler-1644 b,K06228.01
Kepler-1645 b,K06233.01
Kepler-1646 b,K06863.01
Kepler-1649 b,K03138.01
Kepler-1649 c,K03138.02
Kepler-165 b,K00475.01
Kepler-165 c,K00475.02
Kepler-1650 b,K01702.01
Kepler-1651 A b,K01725.01
Kepler-1652 b,K02626.01
Kepler-1653 b,K04550.01
Kepler-1655 b,K00280.01
Kepler-1656 b,K00367.01
Kepler-1657 b,K03680.01
Kepler-1658 b,K00004.01
Kepler-1659 b,K01599.02
Kepler-1659 c,K01599.01
Kepler-166 b,K00481.01
Kepler-166 c,K00481.03
Kepler-166 d,K00481.02
Kepler-1662 b,K01783.01
Kepler-1662 c,K01783.02
Kepler-1663 b,K00252.01
Kepler-1664 b,K00349.01
Kepler-1665 b,K00650.01
Kepler-1666 b,K00945.01
Kepler-1666 c,K00945.02
Kepler-1667 b,K01311.01
Kepler-1668 b,K01470.01
Kepler-1669 b,K01475.02
Kepler-167 A b,K00490.01
Kepler-167 A c,K00490.03
Kepler-167 A d,K00490.04
Kepler-167 A e,K00490.02
Kepler-1670 b,K01705.01
Kepler-1671 b,K01738.01
Kepler-1672 b,K01822.01
Kepler-1673 b,K01863.01
Kepler-1674 b,K01892.01
Kepler-1675 b,K01928.01
Kepler-1676 b,K01943.01
Kepler-1677 b,K01984.01
Kepler-1678 b,K02066.01
Kepler-1679 b,K02106.01
Kepler-168 b,K00497.02
Kepler-168 c,K00497.01
Kepler-1680 b,K02120.01
Kepler-1681 b,K02132.01
Kepler-1682 b,K02229.01
Kepler-1683 b,K02293.01
Kepler-1684 b,K02417.01
Kepler-1685 b,K02504.01
Kepler-1686 b,K02559.01
Kepler-1687 b,K02588.01
Kepler-1688 b,K02733.01
Kepler-1689 b,K02755.01
Kepler-169 b,K00505.03
Kepler-169 c,K00505.02
Kepler-169 d,K00505.04
Kepler-169 e,K00505.01
Kepler-169 f,K00505.05
Kepler-1690 b,K02757.01
Kepler-1691 b,K02802.01
Kepler-1692 b,K02849.01
Kepler-1693 b,K02871.01
Kepler-1694 b,K02878.01
Kepler-1695 b,K03048.01
Kepler-1696 b,K03361.01
Kepler-1697 b,K03478.01
Kepler-1698 b,K03864.01
Kepler-1699 b,K03933.01
Kepler-17 b,K00203.01
Kepler-170 b,K00508.01
Kepler-170 c,K00508.02
Kepler-1700 b,K04014.01
Kepler-1701 b,K04054.01
Kepler-1702 b,K04386.01
Kepler-171 b,K00509.01
Kepler-171 c,K00509.02
Kepler-171 d,K00509.03
Kepler-172 b,K00510.01
Kepler-172 c,K00510.02
Kepler-172 d,K00510.03
Kepler-172 e,K00510.04
Kepler-173 b,K00511.02
Kepler-173 c,K00511.01
Kepler-174 b,K00518.01
Kepler-174 c,K00518.02
Kepler-174 d,K00518.03
Kepler-175 b,K00519.01
Kepler-175 c,K00519.02
Kepler-176 b,K00520.02
Kepler-176 c,K00520.01
Kepler-176 d,K00520.03
Kepler-176 e,K00520.04
Kepler-177 b,K00523.02
Kepler-177 c,K00523.01
Kepler-178 b,K00528.01
Kepler-178 c,K00528.03
Kepler-178 d,K00528.02
Kepler-179 b,K00534.02
Kepler-179 c,K00534.01
Kepler-18 b,K00137.03
Kepler-18 c,K00137.01
Kepler-18 d,K00137.02
Kepler-180 b,K00542.02
Kepler-180 c,K00542.01
Kepler-181 b,K00543.02
Kepler-181 c,K00543.01
Kepler-182 b,K00546.02
Kepler-182 c,K00546.01
Kepler-183 b,K00551.02
Kepler-183 c,K00551.01
Kepler-184 b,K00567.01
Kepler-184 c,K00567.02
Kepler-184 d,K00567.03
Kepler-185 b,K00569.02
Kepler-185 c,K00569.01
Kepler-186 b,K00571.03
Kepler-186 c,K00571.01
Kepler-186 d,K00571.02
Kepler-186 e,K00571.04
Kepler-186 f,K00571.05
Kepler-187 b,K00572.02
Kepler-187 c,K00572.01
Kepler-188 b,K00573.02
Kepler-188 c,K00573.01
Kepler-189 b,K00574.02
Kepler-189 c,K00574.01
Kepler-19 b,K00084.01
Kepler-190 b,K00579.01
Kepler-190 c,K00579.02
Kepler-191 b,K00582.03
Kepler-191 c,K00582.02
Kepler-191 d,K00582.01
Kepler-192 b,K00584.01
Kepler-192 c,K00584.02
Kepler-192 d,K00584.03
Kepler-193 b,K00590.01
Kepler-193 c,K00590.02
Kepler-194 b,K00597.02
Kepler-194 c,K00597.01
Kepler-194 d,K00597.03
Kepler-195 b,K00598.01
Kepler-195 c,K00598.02
Kepler-196 b,K00612.01
Kepler-196 c,K00612.02
Kepler-197 A b,K00623.03
Kepler-197 A c,K00623.01
Kepler-197 A d,K00623.02
Kepler-197 A e,K00623.04
Kepler-198 b,K00624.01
Kepler-198 c,K00624.02
Kepler-198 d,K00624.03
Kepler-199 b,K00638.01
Kepler-199 c,K00638.02
Kepler-2 b,K00002.01
Kepler-20 A b,K00070.02
Kepler-20 A c,K00070.01
Kepler-20 A d,K00070.03
Kepler-20 A e,K00070.04
Kepler-20 A f,K00070.05
Kepler-200 b,K00654.01
Kepler-200 c,K00654.02
Kepler-201 b,K00655.01
Kepler-201 c,K00655.02
Kepler-202 b,K00657.01
Kepler-202 c,K00657.02
Kepler-203 b,K00658.01
Kepler-203 c,K00658.02
Kepler-203 d,K00658.03
Kepler-204 b,K00661.01
Kepler-204 c,K00661.02
Kepler-205 b,K00663.01
Kepler-205 c,K00663.02
Kepler-206 b,K00664.02
Kepler-206 c,K00664.01
Kepler-206 d,K00664.03
Kepler-207 b,K00665.02
Kepler-207 c,K00665.03
Kepler-207 d,K00665.01
Kepler-208 b,K00671.01
Kepler-208 c,K00671.02
Kepler-208 d,K00671.04
Kepler-208 e,K00671.03
Kepler-209 b,K00672.01
Kepler-209 c,K00672.02
Kepler-21 A b,K00975.01
Kepler-210 b,K00676.02
Kepler-210 c,K00676.01
Kepler-211 b,K00678.02
Kepler-211 c,K00678.01
Kepler-212 b,K00679.02
Kepler-212 c,K00679.01
Kepler-213 b,K00692.01
Kepler-213 c,K00692.02
Kepler-214 b,K00693.02
Kepler-214 c,K00693.01
Kepler-215 b,K00700.02
Kepler-215 c,K00700.03
Kepler-215 d,K00700.01
Kepler-215 e,K00700.04
Kepler-216 b,K00708.02
Kepler-216 c,K00708.01
Kepler-217 b,K00710.01
Kepler-217 c,K00710.02
Kepler-217 d,K00710.03
Kepler-218 b,K00711.02
Kepler-218 c,K00711.01
Kepler-218 d,K00711.03
Kepler-219 b,K00718.01
Kepler-219 c,K00718.02
Kepler-219 d,K00718.03
Kepler-22 b,K00087.01
Kepler-220 b,K00719.04
Kepler-220 c,K00719.01
Kepler-220 d,K00719.02
Kepler-220 e,K00719.03
Kepler-221 b,K00720.04
Kepler-221 c,K00720.01
Kepler-221 d,K00720.02
Kepler-221 e,K00720.03
Kepler-222 b,K00723.01
Kepler-222 c,K00723.03
Kepler-222 d,K00723.02
Kepler-223 b,K00730.04
Kepler-223 c,K00730.02
Kepler-223 d,K00730.01
Kepler-223 e,K00730.03
Kepler-224 b,K00733.03
Kepler-224 c,K00733.01
Kepler-224 d,K00733.02
Kepler-224 e,K00733.04
Kepler-225 b,K00736.02
Kepler-225 c,K00736.01
Kepler-226 b,K00749.02
Kepler-226 c,K00749.01
Kepler-226 d,K00749.03
Kepler-227 b,K00752.01
Kepler-227 c,K00752.02
Kepler-228 b,K00756.03
Kepler-228 c,K00756.02
Kepler-228 d,K00756.01
Kepler-229 b,K00757.03
Kepler-229 c,K00757.01
Kepler-229 d,K00757.02
Kepler-23 b,K00168.03
Kepler-23 c,K00168.01
Kepler-23 d,K00168.02
Kepler-230 b,K00759.01
Kepler-230 c,K00759.02
Kepler-231 b,K00784.02
Kepler-231 c,K00784.01
Kepler-232 b,K00787.01
Kepler-232 c,K00787.02
Kepler-233 b,K00790.01
Kepler-233 c,K00790.02
Kepler-234 b,K00800.01
Kepler-234 c,K00800.02
Kepler-235 b,K00812.01
Kepler-235 c,K00812.04
Kepler-235 d,K00812.02
Kepler-235 e,K00812.03
Kepler-236 b,K00817.02
Kepler-236 c,K00817.01
Kepler-237 b,K00825.02
Kepler-237 c,K00825.01
Kepler-238 b,K00834.04
Kepler-238 c,K00834.03
Kepler-238 d,K00834.02
Kepler-238 e,K00834.01
Kepler-238 f,K00834.05
Kepler-239 b,K00835.01
Kepler-239 c,K00835.02
Kepler-24 b,K01102.02
Kepler-24 c,K01102.01
Kepler-24 d,K01102.04
Kepler-24 e,K01102.03
Kepler-240 b,K00837.02
Kepler-240 c,K00837.01
Kepler-241 b,K00842.01
Kepler-241 c,K00842.02
Kepler-242 b,K00853.01
Kepler-242 c,K00853.02
Kepler-243 b,K00857.01
Kepler-243 c,K00857.02
Kepler-244 b,K00864.01
Kepler-244 c,K00864.03
Kepler-244 d,K00864.02
Kepler-245 b,K00869.01
Kepler-245 c,K00869.03
Kepler-245 d,K00869.02
Kepler-245 e,K00869.04
Kepler-246 b,K00874.01
Kepler-246 c,K00874.02
Kepler-247 b,K00884.03
Kepler-247 c,K00884.01
Kepler-247 d,K00884.02
Kepler-248 b,K00896.02
Kepler-248 c,K00896.01
Kepler-249 b,K00899.02
Kepler-249 c,K00899.01
Kepler-249 d,K00899.03
Kepler-25 A b,K00244.02
Kepler-25 A c,K00244.01
Kepler-250 b,K00906.03
Kepler-250 c,K00906.01
Kepler-250 d,K00906.02
Kepler-251 b,K00907.03
Kepler-251 c,K00907.01
Kepler-251 d,K00907.02
Kepler-251 e,K00907.04
Kepler-252 b,K00912.02
Kepler-252 c,K00912.01
Kepler-253 b,K00921.03
Kepler-253 c,K00921.01
Kepler-253 d,K00921.02
Kepler-254 b,K00934.01
Kepler-254 c,K00934.02
Kepler-254 d,K00934.03
Kepler-255 b,K00938.03
Kepler-255 c,K00938.01
Kepler-255 d,K00938.02
Kepler-256 b,K00939.03
Kepler-256 c,K00939.01
Kepler-256 d,K00939.02
Kepler-256 e,K00939.04
Kepler-257 b,K00941.02
Kepler-257 c,K00941.01
Kepler-257 d,K00941.03
Kepler-258 b,K00951.01
Kepler-258 c,K00951.02
Kepler-259 b,K00954.01
Kepler-259 c,K00954.02
Kepler-26 b,K00250.01
Kepler-26 c,K00250.02
Kepler-26 d,K00250.03
Kepler-26 e,K00250.04
Kepler-260 b,K00986.01
Kepler-260 c,K00986.02
Kepler-261 b,K00988.01
Kepler-261 c,K00988.02
Kepler-262 b,K00993.02
Kepler-262 c,K00993.01
Kepler-263 b,K00999.01
Kepler-263 c,K00999.02
Kepler-264 b,K01001.01
Kepler-264 c,K01001.02
Kepler-265 b,K01052.02
Kepler-265 c,K01052.01
Kepler-265 d,K01052.04
Kepler-265 e,K01052.03
Kepler-266 b,K01070.01
Kepler-266 c,K01070.02
Kepler-267 b,K01078.01
Kepler-267 c,K01078.02
Kepler-267 d,K01078.03
Kepler-268 b,K01113.01
Kepler-268 c,K01113.02
Kepler-269 b,K01127.01
Kepler-269 c,K01127.02
Kepler-27 b,K00841.01
Kepler-27 c,K00841.02
Kepler-270 b,K01148.01
Kepler-270 c,K01148.02
Kepler-271 b,K01151.01
Kepler-271 c,K01151.02
Kepler-271 d,K01151.03
Kepler-272 b,K01161.03
Kepler-272 c,K01161.01
Kepler-272 d,K01161.02
Kepler-273 b,K01163.01
Kepler-273 c,K01163.02
Kepler-274 b,K01196.02
Kepler-274 c,K01196.03
Kepler-275 b,K01198.02
Kepler-275 c,K01198.01
Kepler-275 d,K01198.03
Kepler-276 b,K01203.02
Kepler-276 c,K01203.01
Kepler-276 d,K01203.03
Kepler-277 b,K01215.01
Kepler-277 c,K01215.02
Kepler-278 b,K01221.01
Kepler-278 c,K01221.02
Kepler-279 b,K01236.02
Kepler-279 c,K01236.01
Kepler-279 d,K01236.03
Kepler-28 b,K00870.01
Kepler-28 c,K00870.02
Kepler-280 b,K01240.01
Kepler-280 c,K01240.02
Kepler-281 b,K01258.02
Kepler-281 c,K01258.01
Kepler-282 b,K01278.03
Kepler-282 c,K01278.04
Kepler-282 d,K01278.01
Kepler-282 e,K01278.02
Kepler-283 b,K01298.01
Kepler-283 c,K01298.02
Kepler-284 b,K01301.01
Kepler-284 c,K01301.02
Kepler-285 b,K01305.01
Kepler-285 c,K01305.02
Kepler-286 b,K01306.01
Kepler-286 c,K01306.02
Kepler-286 d,K01306.03
Kepler-286 e,K01306.04
Kepler-287 b,K01307.02
Kepler-287 c,K01307.01
Kepler-288 b,K01332.02
Kepler-288 c,K01332.01
Kepler-288 d,K01332.03
Kepler-289 b,K01353.02
Kepler-289 c,K01353.01
Kepler-29 b,K00738.01
Kepler-29 c,K00738.02
Kepler-290 b,K01360.02
Kepler-290 c,K01360.01
Kepler-291 b,K01363.01
Kepler-291 c,K01363.02
Kepler-292 b,K01364.05
Kepler-292 c,K01364.04
Kepler-292 d,K01364.02
Kepler-292 e,K01364.03
Kepler-292 f,K01364.01
Kepler-293 b,K01366.01
Kepler-293 c,K01366.02
Kepler-294 b,K01396.02
Kepler-294 c,K01396.01
Kepler-295 b,K01413.01
Kepler-295 c,K01413.02
Kepler-295 d,K01413.03
Kepler-296 A b,K01422.03
Kepler-296 A c,K01422.01
Kepler-296 A d,K01422.02
Kepler-296 A e,K01422.05
Kepler-296 A f,K01422.04
Kepler-297 b,K01426.01
Kepler-297 c,K01426.02
Kepler-298 b,K01430.01
Kepler-298 c,K01430.02
Kepler-298 d,K01430.03
Kepler-299 b,K01432.03
Kepler-299 c,K01432.01
Kepler-299 d,K01432.02
Kepler-299 e,K01432.04
Kepler-3 b,K00003.01
Kepler-30 b,K00806.03
Kepler-30 c,K00806.02
Kepler-30 d,K00806.01
Kepler-300 b,K01435.02
Kepler-300 c,K01435.01
Kepler-301 b,K01436.01
Kepler-301 c,K01436.03
Kepler-301 d,K01436.02
Kepler-302 b,K01486.02
Kepler-302 c,K01486.01
Kepler-303 b,K01515.01
Kepler-303 c,K01515.02
Kepler-304 b,K01557.01
Kepler-304 c,K01557.03
Kepler-304 d,K01557.02
Kepler-304 e,K01557.04
Kepler-305 b,K01563.01
Kepler-305 c,K01563.02
Kepler-305 d,K01563.04
Kepler-305 e,K01563.03
Kepler-306 b,K01567.02
Kepler-306 c,K01567.01
Kepler-306 d,K01567.03
Kepler-306 e,K01567.04
Kepler-307 b,K01576.01
Kepler-307 c,K01576.02
Kepler-308 b,K01593.01
Kepler-308 c,K01593.02
Kepler-309 b,K01596.01
Kepler-309 c,K01596.02
Kepler-31 b,K00935.01
Kepler-31 c,K00935.02
Kepler-31 d,K00935.03
Kepler-310 b,K01598.03
Kepler-310 c,K01598.01
Kepler-310 d,K01598.02
Kepler-311 b,K01608.01
Kepler-311 c,K01608.02
Kepler-312 b,K01628.02
Kepler-312 c,K01628.01
Kepler-313 b,K01647.01
Kepler-313 c,K01647.02
Kepler-314 b,K01692.02
Kepler-314 c,K01692.01
Kepler-315 b,K01707.01
Kepler-315 c,K01707.02
Kepler-316 b,K01713.02
Kepler-316 c,K01713.01
Kepler-317 b,K01760.01
Kepler-317 c,K01760.02
Kepler-318 b,K01779.01
Kepler-318 c,K01779.02
Kepler-319 b,K01805.03
Kepler-319 c,K01805.01
Kepler-319 d,K01805.02
Kepler-32 b,K00952.01
Kepler-32 c,K00952.02
Kepler-32 d,K00952.03
Kepler-32 e,K00952.04
Kepler-32 f,K00952.05
Kepler-320 b,K01806.03
Kepler-320 c,K01806.02
Kepler-321 b,K01809.02
Kepler-321 c,K01809.01
Kepler-322 b,K01820.02
Kepler-322 c,K01820.01
Kepler-323 b,K01824.02
Kepler-323 c,K01824.01
Kepler-324 b,K01831.02
Kepler-324 c,K01831.01
Kepler-325 b,K01832.01
Kepler-325 c,K01832.02
Kepler-325 d,K01832.03
Kepler-326 b,K01835.02
Kepler-326 c,K01835.01
Kepler-326 d,K01835.03
Kepler-327 b,K01867.01
Kepler-327 c,K01867.03
Kepler-327 d,K01867.02
Kepler-328 b,K01873.02
Kepler-328 c,K01873.01
Kepler-329 b,K01874.02
Kepler-329 c,K01874.01
Kepler-33 b,K00707.05
Kepler-33 c,K00707.04
Kepler-33 d,K00707.01
Kepler-33 e,K00707.03
Kepler-33 f,K00707.02
Kepler-330 b,K01891.02
Kepler-330 c,K01891.01
Kepler-331 b,K01895.01
Kepler-331 c,K01895.02
Kepler-331 d,K01895.03
Kepler-332 b,K01905.01
Kepler-332 c,K01905.02
Kepler-332 d,K01905.03
Kepler-333 A b,K01908.01
Kepler-333 A c,K01908.02
Kepler-334 b,K01909.02
Kepler-334 c,K01909.01
Kepler-334 d,K01909.03
Kepler-335 b,K01915.01
Kepler-335 c,K01915.02
Kepler-336 b,K01916.03
Kepler-336 c,K01916.02
Kepler-336 d,K01916.01
Kepler-337 b,K01929.02
Kepler-337 c,K01929.01
Kepler-338 b,K01930.01
Kepler-338 c,K01930.02
Kepler-338 d,K01930.03
Kepler-338 e,K01930.04
Kepler-339 b,K01931.01
Kepler-339 c,K01931.03
Kepler-339 d,K01931.02
Kepler-340 b,K01932.02
Kepler-340 c,K01932.01
Kepler-341 b,K01952.03
Kepler-341 c,K01952.01
Kepler-341 d,K01952.02
Kepler-341 e,K01952.04
Kepler-342 b,K01955.01
Kepler-342 c,K01955.04
Kepler-342 d,K01955.02
Kepler-342 e,K01955.03
Kepler-343 b,K01960.01
Kepler-343 c,K01960.02
Kepler-344 b,K01970.01
Kepler-344 c,K01970.02
Kepler-345 b,K01977.02
Kepler-345 c,K01977.01
Kepler-346 b,K01978.01
Kepler-346 c,K01978.02
Kepler-347 b,K01992.01
Kepler-347 c,K01992.02
Kepler-348 b,K02011.01
Kepler-348 c,K02011.02
Kepler-349 b,K02022.01
Kepler-349 c,K02022.02
Kepler-350 b,K02025.03
Kepler-350 c,K02025.01
Kepler-350 d,K02025.02
Kepler-351 b,K02028.02
Kepler-351 c,K02028.01
Kepler-351 d,K02028.03
Kepler-352 b,K02029.02
Kepler-352 c,K02029.01
Kepler-353 A b,K02036.02
Kepler-353 A c,K02036.01
Kepler-354 b,K02045.01
Kepler-354 c,K02045.03
Kepler-354 d,K02045.02
Kepler-355 b,K02051.02
Kepler-355 c,K02051.01
Kepler-356 b,K02053.02
Kepler-356 c,K02053.01
Kepler-357 b,K02073.02
Kepler-357 c,K02073.03
Kepler-357 d,K02073.01
Kepler-358 b,K02080.02
Kepler-358 c,K02080.01
Kepler-359 b,K02092.02
Kepler-359 c,K02092.01
Kepler-359 d,K02092.03
Kepler-36 b,K00277.02
Kepler-36 c,K00277.01
Kepler-360 b,K02111.01
Kepler-360 c,K02111.02
Kepler-361 b,K02135.03
Kepler-361 c,K02135.01
Kepler-362 b,K02147.02
Kepler-362 c,K02147.01
Kepler-363 b,K02148.03
Kepler-363 c,K02148.02
Kepler-363 d,K02148.01
Kepler-364 b,K02153.02
Kepler-364 c,K02153.01
Kepler-365 b,K02163.01
Kepler-365 c,K02163.02
Kepler-366 b,K02168.01
Kepler-366 c,K02168.02
Kepler-367 b,K02173.01
Kepler-367 c,K02173.02
Kepler-368 b,K02175.01
Kepler-368 c,K02175.02
Kepler-369 b,K02179.02
Kepler-369 c,K02179.01
Kepler-37 b,K00245.03
Kepler-37 c,K00245.02
Kepler-37 d,K00245.01
Kepler-37 e,K00245.04
Kepler-370 b,K02183.02
Kepler-370 c,K02183.01
Kepler-371 b,K02194.01
Kepler-371 c,K02194.02
Kepler-372 b,K02195.03
Kepler-372 c,K02195.01
Kepler-372 d,K02195.02
Kepler-373 b,K02218.01
Kepler-373 c,K02218.02
Kepler-374 b,K02220.03
Kepler-374 c,K02220.01
Kepler-374 d,K02220.02
Kepler-375 b,K02236.02
Kepler-375 c,K02236.01
Kepler-376 b,K02278.02
Kepler-376 c,K02278.01
Kepler-377 b,K02279.02
Kepler-377 c,K02279.01
Kepler-378 b,K02287.01
Kepler-378 c,K02287.02
Kepler-379 b,K02289.02
Kepler-379 c,K02289.01
Kepler-380 b,K02333.01
Kepler-380 c,K02333.02
Kepler-381 b,K02352.02
Kepler-381 c,K02352.01
Kepler-382 b,K02374.01
Kepler-382 c,K02374.02
Kepler-383 b,K02413.01
Kepler-383 c,K02413.02
Kepler-384 b,K02414.01
Kepler-384 c,K02414.02
Kepler-385 b,K02433.02
Kepler-385 c,K02433.01
Kepler-385 d,K02433.03
Kepler-386 b,K02442.02
Kepler-386 c,K02442.01
Kepler-387 b,K02443.01
Kepler-387 c,K02443.02
Kepler-388 b,K02466.01
Kepler-388 c,K02466.02
Kepler-389 b,K02473.01
Kepler-389 c,K02473.03
Kepler-39 b,K00423.01
Kepler-390 A b,K02498.01
Kepler-390 A c,K02498.02
Kepler-391 b,K02541.01
Kepler-391 c,K02541.02
Kepler-392 b,K02585.01
Kepler-392 c,K02585.02
Kepler-393 b,K02595.01
Kepler-393 c,K02595.02
Kepler-394 b,K02597.01
Kepler-394 c,K02597.02
Kepler-395 b,K02650.02
Kepler-395 c,K02650.01
Kepler-396 b,K02672.02
Kepler-396 c,K02672.01
Kepler-397 b,K02681.02
Kepler-397 c,K02681.01
Kepler-398 b,K02693.01
Kepler-398 c,K02693.02
Kepler-398 d,K02693.03
Kepler-399 b,K02707.02
Kepler-399 c,K02707.03
Kepler-399 d,K02707.01
Kepler-4 b,K00007.01
Kepler-40 b,K00428.01
Kepler-400 b,K02711.01
Kepler-400 c,K02711.02
Kepler-401 b,K02714.01
Kepler-401 c,K02714.02
Kepler-401 d,K02714.03
Kepler-402 b,K02722.03
Kepler-402 c,K02722.01
Kepler-402 d,K02722.04
Kepler-402 e,K02722.02
Kepler-403 b,K02732.01
Kepler-403 c,K02732.03
Kepler-403 d,K02732.02
Kepler-404 b,K02768.01
Kepler-404 c,K02768.02
Kepler-405 b,K03057.02
Kepler-405 c,K03057.01
Kepler-406 b,K00321.01
Kepler-406 c,K00321.02
Kepler-407 b,K01442.01
Kepler-408 b,K01612.01
Kepler-409 b,K01925.01
Kepler-41 b,K00196.01
Kepler-410 A b,K00042.01
Kepler-411 A b,K01781.02
Kepler-411 A c,K01781.01
Kepler-411 A d,K01781.03
Kepler-412 b,K00202.01
Kepler-414 b,K00341.02
Kepler-414 c,K00341.01
Kepler-415 b,K01194.03
Kepler-415 c,K01194.01
Kepler-416 b,K01860.01
Kepler-416 c,K01860.02
Kepler-417 b,K02113.02
Kepler-417 c,K02113.01
Kepler-418 b,K01089.01
Kepler-419 b,K01474.01
Kepler-42 b,K00961.01
Kepler-42 c,K00961.02
Kepler-42 d,K00961.03
Kepler-420 b,K01257.01
Kepler-421 b,K01274.01
Kepler-422 b,K00022.01
Kepler-423 b,K00183.01
Kepler-424 b,K00214.01
Kepler-425 b,K00188.01
Kepler-426 b,K00195.01
Kepler-427 b,K00192.01
Kepler-428 b,K00830.01
Kepler-43 b,K00135.01
Kepler-430 b,K02365.01
Kepler-430 c,K02365.02
Kepler-431 b,K03097.02
Kepler-431 c,K03097.03
Kepler-431 d,K03097.01
Kepler-432 b,K01299.01
Kepler-433 b,K00206.01
Kepler-434 b,K00614.01
Kepler-435 b,K00680.01
Kepler-436 b,K02529.02
Kepler-436 c,K02529.01
Kepler-437 b,K03255.01
Kepler-438 b,K03284.01
Kepler-439 b,K04005.01
Kepler-44 b,K00204.01
Kepler-440 b,K04087.01
Kepler-441 b,K04622.01
Kepler-442 b,K04742.01
Kepler-443 b,K04745.01
Kepler-444 A b,K03158.01
Kepler-444 A c,K03158.02
Kepler-444 A d,K03158.03
Kepler-444 A e,K03158.04
Kepler-444 A f,K03158.05
Kepler-445 b,K02704.02
Kepler-445 c,K02704.01
Kepler-445 d,K02704.03
Kepler-446 b,K02842.01
Kepler-446 c,K02842.03
Kepler-446 d,K02842.02
Kepler-447 b,K01800.01
Kepler-448 b,K00012.01
Kepler-449 b,K00270.01
Kepler-449 c,K00270.02
Kepler-45 b,K00254.01
Kepler-450 b,K00279.01
Kepler-450 c,K00279.02
Kepler-450 d,K00279.03
Kepler-452 b,K07016.01
Kepler-454 A b,K00273.01
Kepler-458 b,K00179.02
Kepler-458 c,K00179.01
Kepler-46 b,K00872.01
Kepler-46 d,K00872.02
Kepler-460 b,K03791.01
Kepler-460 c,K03791.02
Kepler-461 b,K00049.01
Kepler-462 b,K00089.01
Kepler-462 c,K00089.02
Kepler-463 b,K00105.01
Kepler-464 b,K00107.01
Kepler-465 b,K00110.01
Kepler-466 b,K00112.01
Kepler-466 c,K00112.02
Kepler-467 b,K00118.01
Kepler-468 b,K00125.01
Kepler-469 b,K00126.01
Kepler-470 b,K00129.01
Kepler-471 b,K00131.01
Kepler-472 b,K00144.01
Kepler-473 b,K00149.01
Kepler-474 b,K00155.01
Kepler-475 b,K00161.01
Kepler-476 b,K00162.01
Kepler-477 B b,K00163.01
Kepler-478 b,K00165.01
Kepler-479 b,K00166.01
Kepler-48 b,K00148.01
Kepler-48 c,K00148.02
Kepler-48 d,K00148.03
Kepler-480 b,K00167.01
Kepler-481 b,K00173.01
Kepler-482 b,K00174.01
Kepler-483 b,K00176.01
Kepler-484 b,K00180.01
Kepler-485 b,K00186.01
Kepler-486 b,K00189.01
Kepler-487 b,K00191.01
Kepler-487 c,K00191.04
Kepler-488 b,K00194.01
Kepler-489 b,K00197.01
Kepler-49 b,K00248.01
Kepler-49 c,K00248.02
Kepler-49 d,K00248.03
Kepler-49 e,K00248.04
Kepler-490 b,K00199.01
Kepler-491 b,K00201.01
Kepler-492 b,K00205.01
Kepler-493 b,K00208.01
Kepler-494 b,K00219.01
Kepler-495 b,K00221.01
Kepler-496 b,K00226.01
Kepler-497 b,K00229.01
Kepler-498 b,K00234.01
Kepler-499 b,K00235.01
Kepler-5 b,K00018.01
Kepler-50 b,K00262.01
Kepler-50 c,K00262.02
Kepler-500 b,K00237.01
Kepler-501 b,K00239.01
Kepler-502 b,K00240.01
Kepler-503 b,K00242.01
Kepler-504 A b,K00249.01
Kepler-505 b,K00255.01
Kepler-506 b,K00257.01
Kepler-507 b,K00265.01
Kepler-508 b,K00266.01
Kepler-509 b,K00276.01
Kepler-51 b,K00620.01
Kepler-51 c,K00620.03
Kepler-51 d,K00620.02
Kepler-510 b,K00281.01
Kepler-511 b,K00289.02
Kepler-512 b,K00294.01
Kepler-513 b,K00296.01
Kepler-514 A b,K00297.01
Kepler-515 A b,K00298.01
Kepler-516 b,K00302.01
Kepler-517 A b,K00303.01
Kepler-518 b,K00304.01
Kepler-519 A b,K00306.01
Kepler-52 b,K00775.02
Kepler-52 c,K00775.01
Kepler-52 d,K00775.03
Kepler-520 b,K00307.01
Kepler-520 c,K00307.02
Kepler-521 b,K00317.01
Kepler-522 b,K00318.01
Kepler-523 b,K00323.01
Kepler-524 b,K00330.01
Kepler-524 c,K00330.02
Kepler-525 b,K00331.01
Kepler-526 b,K00332.01
Kepler-527 b,K00333.01
Kepler-528 b,K00337.01
Kepler-529 b,K00339.01
Kepler-529 c,K00339.02
Kepler-53 b,K00829.01
Kepler-53 c,K00829.03
Kepler-53 d,K00829.02
Kepler-530 A b,K00344.01
Kepler-531 b,K00345.01
Kepler-532 b,K00346.01
Kepler-533 b,K00348.01
Kepler-534 b,K00354.01
Kepler-535 b,K00355.01
Kepler-536 b,K00356.01
Kepler-537 b,K00361.01
Kepler-538 A b,K00365.01
Kepler-539 b,K00372.01
Kepler-54 b,K00886.01
Kepler-54 c,K00886.02
Kepler-54 d,K00886.03
Kepler-540 b,K00374.01
Kepler-541 b,K00384.01
Kepler-542 b,K00385.01
Kepler-543 b,K00387.01
Kepler-544 b,K00393.01
Kepler-545 b,K00409.01
Kepler-546 b,K00412.01
Kepler-547 b,K00420.01
Kepler-548 b,K00421.01
Kepler-549 b,K00427.02
Kepler-549 c,K00427.03
Kepler-55 b,K00904.02
Kepler-55 c,K00904.03
Kepler-55 d,K00904.01
Kepler-55 e,K00904.04
Kepler-55 f,K00904.05
Kepler-550 b,K00429.01
Kepler-551 b,K00430.01
Kepler-552 b,K00432.01
Kepler-553 b,K00433.01
Kepler-553 c,K00433.02
Kepler-554 b,K00439.01
Kepler-555 b,K00443.01
Kepler-556 b,K00444.01
Kepler-557 b,K00452.01
Kepler-558 b,K00454.01
Kepler-559 b,K00460.01
Kepler-56 b,K01241.02
Kepler-56 c,K01241.01
Kepler-560 B b,K00463.01
Kepler-561 b,K00464.01
Kepler-561 c,K00464.02
Kepler-562 b,K00467.01
Kepler-563 b,K00468.01
Kepler-564 b,K00470.01
Kepler-565 b,K00472.01
Kepler-566 b,K00476.01
Kepler-567 b,K00477.01
Kepler-568 b,K00478.01
Kepler-569 b,K00479.01
Kepler-57 b,K01270.01
Kepler-57 c,K01270.02
Kepler-570 b,K00480.01
Kepler-571 b,K00483.01
Kepler-572 b,K00484.01
Kepler-573 b,K00486.01
Kepler-574 b,K00487.01
Kepler-575 b,K00488.01
Kepler-576 b,K00492.01
Kepler-577 b,K00494.01
Kepler-578 b,K00496.01
Kepler-579 b,K00499.01
Kepler-58 b,K01336.01
Kepler-58 c,K01336.02
Kepler-58 d,K01336.03
Kepler-580 b,K00503.01
Kepler-581 b,K00504.01
Kepler-582 b,K00507.01
Kepler-583 b,K00512.01
Kepler-584 b,K00513.01
Kepler-585 b,K00517.01
Kepler-586 b,K00526.01
Kepler-587 b,K00530.01
Kepler-588 b,K00532.01
Kepler-589 b,K00533.01
Kepler-59 b,K01529.02
Kepler-59 c,K01529.01
Kepler-590 b,K00535.01
Kepler-591 b,K00536.01
Kepler-592 b,K00537.01
Kepler-593 b,K00538.01
Kepler-594 b,K00541.01
Kepler-595 b,K00547.01
Kepler-595 c,K00547.03
Kepler-596 b,K00548.01
Kepler-597 b,K00550.01
Kepler-598 b,K00555.01
Kepler-598 c,K00555.02
Kepler-599 b,K00557.01
Kepler-6 b,K00017.01
Kepler-60 b,K02086.01
Kepler-60 c,K02086.02
Kepler-60 d,K02086.03
Kepler-600 b,K00560.01
Kepler-601 b,K00561.01
Kepler-602 b,K00563.01
Kepler-603 b,K00564.01
Kepler-603 c,K00564.02
Kepler-603 d,K00564.03
Kepler-604 b,K00566.01
Kepler-605 b,K00568.01
Kepler-605 c,K00568.02
Kepler-606 b,K00575.01
Kepler-607 b,K00577.02
Kepler-608 b,K00578.01
Kepler-609 b,K00580.01
Kepler-61 b,K01361.01
Kepler-610 b,K00581.01
Kepler-610 c,K00581.02
Kepler-611 b,K00583.01
Kepler-612 b,K00585.01
Kepler-613 b,K00586.01
Kepler-614 b,K00587.01
Kepler-615 b,K00588.01
Kepler-616 b,K00593.01
Kepler-616 c,K00593.02
Kepler-617 b,K00596.01
Kepler-618 b,K00600.01
Kepler-619 b,K00601.01
Kepler-619 c,K00601.03
Kepler-62 b,K00701.02
Kepler-62 c,K00701.05
Kepler-62 d,K00701.01
Kepler-62 e,K00701.03
Kepler-62 f,K00701.04
Kepler-620 b,K00602.01
Kepler-621 b,K00605.01
Kepler-622 b,K00610.01
Kepler-623 b,K00618.01
Kepler-624 b,K00626.01
Kepler-625 b,K00627.01
Kepler-625 c,K00627.02
Kepler-626 b,K00628.01
Kepler-627 b,K00629.01
Kepler-628 b,K00631.01
Kepler-629 b,K00632.01
Kepler-63 b,K00063.01
Kepler-630 b,K00633.01
Kepler-631 b,K00639.01
Kepler-632 b,K00640.01
Kepler-633 b,K00645.01
Kepler-634 b,K00647.01
Kepler-635 b,K00649.01
Kepler-636 A b,K00652.01
Kepler-637 b,K00659.01
Kepler-638 b,K00660.01
Kepler-639 b,K00662.01
Kepler-640 b,K00666.01
Kepler-641 b,K00670.01
Kepler-642 b,K00673.01
Kepler-643 b,K00674.01
Kepler-644 b,K00685.01
Kepler-645 b,K00688.01
Kepler-646 b,K00689.01
Kepler-647 b,K00691.02
Kepler-647 c,K00691.01
Kepler-648 b,K00694.01
Kepler-649 b,K00695.01
Kepler-65 b,K00085.02
Kepler-65 c,K00085.01
Kepler-65 d,K00085.03
Kepler-650 b,K00697.01
Kepler-651 b,K00709.01
Kepler-652 b,K00714.01
Kepler-653 b,K00717.01
Kepler-653 c,K00717.02
Kepler-654 b,K00721.01
Kepler-655 b,K00722.01
Kepler-656 b,K00732.01
Kepler-657 b,K00734.01
Kepler-658 b,K00739.01
Kepler-659 b,K00740.01
Kepler-66 b,K01958.01
Kepler-660 b,K00746.01
Kepler-661 b,K00747.01
Kepler-662 b,K00750.01
Kepler-663 b,K00751.01
Kepler-664 b,K00755.01
Kepler-665 b,K00758.01
Kepler-666 b,K00762.01
Kepler-667 b,K00764.01
Kepler-668 b,K00765.01
Kepler-669 b,K00766.01
Kepler-67 b,K02115.01
Kepler-670 b,K00767.01
Kepler-671 b,K00769.01
Kepler-672 b,K00773.01
Kepler-673 b,K00776.01
Kepler-674 b,K00778.01
Kepler-675 b,K00780.01
Kepler-676 b,K00781.01
Kepler-677 b,K00782.01
Kepler-678 b,K00783.01
Kepler-679 b,K00785.01
Kepler-68 A b,K00246.01
Kepler-68 A c,K00246.02
Kepler-680 b,K00786.01
Kepler-681 b,K00788.01
Kepler-682 b,K00791.01
Kepler-683 b,K00794.01
Kepler-684 b,K00795.01
Kepler-685 b,K00801.01
Kepler-686 b,K00809.01
Kepler-687 b,K00811.01
Kepler-688 b,K00813.01
Kepler-689 b,K00814.01
Kepler-69 b,K00172.01
Kepler-69 c,K00172.02
Kepler-690 b,K00816.01
Kepler-691 b,K00818.01
Kepler-692 b,K00821.01
Kepler-693 b,K00824.01
Kepler-694 b,K00826.01
Kepler-695 b,K00840.01
Kepler-696 b,K00843.01
Kepler-697 b,K00844.01
Kepler-698 b,K00845.01
Kepler-699 b,K00846.01
Kepler-7 b,K00097.01
Kepler-700 b,K00847.01
Kepler-701 b,K00849.01
Kepler-702 b,K00850.01
Kepler-703 b,K00851.01
Kepler-704 b,K00852.01
Kepler-705 b,K00854.01
Kepler-706 b,K00855.01
Kepler-707 b,K00861.01
Kepler-708 b,K00863.01
Kepler-709 b,K00867.01
Kepler-71 b,K00217.01
Kepler-710 b,K00873.01
Kepler-711 b,K00878.01
Kepler-712 b,K00881.01
Kepler-712 c,K00881.02
Kepler-713 b,K00887.01
Kepler-714 b,K00890.01
Kepler-715 b,K00891.01
Kepler-716 b,K00892.01
Kepler-716 c,K00892.02
Kepler-717 b,K00893.01
Kepler-718 b,K00897.01
Kepler-719 b,K00903.01
Kepler-720 b,K00908.01
Kepler-721 b,K00910.01
Kepler-722 b,K00911.01
Kepler-722 c,K00911.02
Kepler-723 b,K00913.01
Kepler-724 b,K00916.01
Kepler-725 b,K00918.01
Kepler-726 b,K00920.01
Kepler-727 b,K00922.01
Kepler-728 b,K00923.01
Kepler-729 b,K00926.01
Kepler-730 b,K00929.01
Kepler-730 c,K00929.02
Kepler-731 b,K00931.01
Kepler-732 b,K00936.01
Kepler-732 c,K00936.02
Kepler-733 b,K00937.01
Kepler-734 b,K00940.01
Kepler-735 b,K00942.01
Kepler-736 b,K00943.01
Kepler-737 b,K00947.01
Kepler-738 b,K00948.01
Kepler-739 b,K00949.01
Kepler-74 b,K00200.01
Kepler-740 b,K00953.01
Kepler-741 b,K00955.01
Kepler-742 b,K00956.01
Kepler-743 A b,K00987.01
Kepler-744 b,K00991.01
Kepler-745 b,K00992.01
Kepler-746 b,K01002.01
Kepler-747 b,K01005.01
Kepler-748 b,K01007.01
Kepler-749 b,K01014.01
Kepler-75 b,K00889.01
Kepler-750 b,K01015.01
Kepler-750 c,K01015.02
Kepler-751 b,K01017.01
Kepler-752 b,K01022.01
Kepler-753 b,K01024.01
Kepler-754 b,K01031.01
Kepler-755 A b,K01050.01
Kepler-755 A c,K01050.02
Kepler-756 b,K01053.01
Kepler-757 b,K01059.01
Kepler-758 b,K01060.01
Kepler-758 c,K01060.02
Kepler-758 d,K01060.03
Kepler-758 e,K01060.04
Kepler-759 b,K01061.01
Kepler-76 b,K01658.01
Kepler-760 b,K01069.01
Kepler-760 c,K01069.02
Kepler-761 b,K01072.01
Kepler-762 b,K01074.01
Kepler-763 b,K01082.03
Kepler-764 b,K01083.01
Kepler-765 b,K01086.01
Kepler-766 b,K01094.01
Kepler-767 b,K01099.01
Kepler-768 b,K01101.01
Kepler-769 b,K01106.01
Kepler-769 c,K01106.02
Kepler-77 b,K00127.01
Kepler-770 b,K01108.01
Kepler-770 c,K01108.02
Kepler-770 d,K01108.03
Kepler-771 b,K01110.01
Kepler-772 b,K01115.01
Kepler-773 b,K01116.01
Kepler-774 b,K01117.01
Kepler-775 b,K01128.01
Kepler-776 b,K01129.01
Kepler-777 b,K01141.01
Kepler-778 b,K01142.01
Kepler-779 A b,K01146.01
Kepler-780 b,K01150.01
Kepler-781 b,K01160.01
Kepler-782 b,K01162.01
Kepler-783 b,K01165.02
Kepler-783 c,K01165.01
Kepler-784 b,K01175.01
Kepler-785 b,K01176.01
Kepler-786 b,K01199.01
Kepler-787 b,K01202.01
Kepler-788 b,K01204.01
Kepler-789 b,K01205.01
Kepler-79 b,K00152.03
Kepler-79 c,K00152.02
Kepler-79 d,K00152.01
Kepler-79 e,K00152.04
Kepler-790 b,K01207.01
Kepler-791 b,K01210.01
Kepler-792 b,K01212.01
Kepler-793 b,K01214.01
Kepler-794 b,K01216.01
Kepler-795 A b,K01218.01
Kepler-796 b,K01220.01
Kepler-797 b,K01238.01
Kepler-798 b,K01245.01
Kepler-799 b,K01261.01
Kepler-8 b,K00010.01
Kepler-80 b,K00500.01
Kepler-80 c,K00500.02
Kepler-80 d,K00500.03
Kepler-80 e,K00500.04
Kepler-80 f,K00500.05
Kepler-800 b,K01264.01
Kepler-801 b,K01266.01
Kepler-802 b,K01273.01
Kepler-803 b,K01275.01
Kepler-804 b,K01279.01
Kepler-804 c,K01279.02
Kepler-805 b,K01282.01
Kepler-806 b,K01283.01
Kepler-807 b,K01288.01
Kepler-808 b,K01300.01
Kepler-809 b,K01302.01
Kepler-81 b,K00877.01
Kepler-81 c,K00877.02
Kepler-81 d,K00877.03
Kepler-810 b,K01304.01
Kepler-811 b,K01308.01
Kepler-812 b,K01309.01
Kepler-813 b,K01310.01
Kepler-814 b,K01312.01
Kepler-815 b,K01314.01
Kepler-816 b,K01320.01
Kepler-817 b,K01323.01
Kepler-818 b,K01325.01
Kepler-819 b,K01329.01
Kepler-82 b,K00880.01
Kepler-82 c,K00880.02
Kepler-82 d,K00880.04
Kepler-82 e,K00880.03
Kepler-820 b,K01335.01
Kepler-821 b,K01337.01
Kepler-822 b,K01338.01
Kepler-823 b,K01339.01
Kepler-824 b,K01341.01
Kepler-825 b,K01342.01
Kepler-825 c,K01342.02
Kepler-826 b,K01344.01
Kepler-827 b,K01355.01
Kepler-828 b,K01367.01
Kepler-829 b,K01370.01
Kepler-83 A b,K00898.01
Kepler-83 A c,K00898.03
Kepler-83 A d,K00898.02
Kepler-830 b,K01377.01
Kepler-831 b,K01379.01
Kepler-832 b,K01402.01
Kepler-833 b,K01403.01
Kepler-834 b,K01404.01
Kepler-835 b,K01405.01
Kepler-836 b,K01406.01
Kepler-837 b,K01409.01
Kepler-838 b,K01410.01
Kepler-839 b,K01412.01
Kepler-84 b,K01589.01
Kepler-84 c,K01589.02
Kepler-84 d,K01589.04
Kepler-84 e,K01589.03
Kepler-84 f,K01589.05
Kepler-840 b,K01416.01
Kepler-841 b,K01423.01
Kepler-842 b,K01424.01
Kepler-843 b,K01425.01
Kepler-844 b,K01427.01
Kepler-845 b,K01428.01
Kepler-846 b,K01433.01
Kepler-847 b,K01434.01
Kepler-848 b,K01438.01
Kepler-849 b,K01439.01
Kepler-85 b,K02038.01
Kepler-85 c,K02038.02
Kepler-85 d,K02038.03
Kepler-85 e,K02038.04
Kepler-850 b,K01440.01
Kepler-851 b,K01441.01
Kepler-852 b,K01444.01
Kepler-853 b,K01445.01
Kepler-854 b,K01450.01
Kepler-855 b,K01456.01
Kepler-856 b,K01457.01
Kepler-857 b,K01472.01
Kepler-858 b,K01478.01
Kepler-859 b,K01480.01
Kepler-86 b,K03663.01
Kepler-860 b,K01481.01
Kepler-861 b,K01488.01
Kepler-862 b,K01491.01
Kepler-863 b,K01495.01
Kepler-864 b,K01498.01
Kepler-865 b,K01499.01
Kepler-866 b,K01501.01
Kepler-867 b,K01503.01
Kepler-868 b,K01505.01
Kepler-869 b,K01506.01
Kepler-87 b,K01574.01
Kepler-87 c,K01574.02
Kepler-870 b,K01507.01
Kepler-871 b,K01508.01
Kepler-872 b,K01511.01
Kepler-873 b,K01516.01
Kepler-874 b,K01517.01
Kepler-875 b,K01518.01
Kepler-876 b,K01519.01
Kepler-877 b,K01520.01
Kepler-878 b,K01521.01
Kepler-879 b,K01522.01
Kepler-88 b,K00142.01
Kepler-880 b,K01525.01
Kepler-881 b,K01526.01
Kepler-882 b,K01528.01
Kepler-883 b,K01530.01
Kepler-884 b,K01531.01
Kepler-885 b,K01532.01
Kepler-886 b,K01533.01
Kepler-887 b,K01534.01
Kepler-887 c,K01534.02
Kepler-888 b,K01535.01
Kepler-889 b,K01536.01
Kepler-89 A b,K00094.04
Kepler-89 A c,K00094.02
Kepler-89 A d,K00094.01
Kepler-89 A e,K00094.03
Kepler-890 b,K01553.01
Kepler-891 b,K01564.01
Kepler-892 b,K01569.01
Kepler-893 b,K01570.01
Kepler-894 b,K01572.01
Kepler-895 b,K01577.01
Kepler-896 b,K01581.02
Kepler-897 b,K01583.01
Kepler-898 b,K01584.01
Kepler-899 b,K01585.01
Kepler-9 b,K00377.01
Kepler-9 c,K00377.02
Kepler-9 d,K00377.03
Kepler-90 b,K00351.06
Kepler-90 c,K00351.05
Kepler-90 d,K00351.03
Kepler-90 e,K00351.04
Kepler-90 f,K00351.07
Kepler-90 g,K00351.02
Kepler-90 h,K00351.01
Kepler-900 b,K01586.01
Kepler-901 b,K01588.01
Kepler-902 b,K01595.01
Kepler-903 b,K01601.01
Kepler-903 c,K01601.02
Kepler-904 b,K01603.01
Kepler-905 b,K01606.01
Kepler-906 b,K01609.01
Kepler-907 b,K01613.01
Kepler-908 A b,K01615.01
Kepler-909 b,K01616.01
Kepler-91 b,K02133.01
Kepler-910 b,K01618.01
Kepler-911 b,K01621.01
Kepler-912 b,K01626.01
Kepler-913 b,K01627.01
Kepler-914 b,K01629.01
Kepler-915 b,K01632.01
Kepler-916 b,K01633.01
Kepler-917 b,K01637.01
Kepler-918 b,K01641.01
Kepler-919 b,K01643.01
Kepler-92 b,K00285.01
Kepler-92 c,K00285.02
Kepler-92 d,K00285.03
Kepler-920 b,K01650.01
Kepler-920 c,K01650.02
Kepler-921 b,K01651.01
Kepler-922 b,K01655.01
Kepler-923 b,K01665.01
Kepler-924 b,K01669.01
Kepler-925 b,K01672.01
Kepler-926 b,K01677.01
Kepler-927 b,K01683.01
Kepler-928 b,K01687.01
Kepler-929 b,K01688.01
Kepler-93 b,K00069.01
Kepler-930 b,K01695.01
Kepler-931 b,K01700.01
Kepler-932 b,K01706.01
Kepler-933 b,K01710.01
Kepler-934 b,K01711.01
Kepler-935 b,K01716.01
Kepler-936 b,K01717.01
Kepler-937 b,K01718.01
Kepler-937 c,K01718.02
Kepler-938 b,K01721.01
Kepler-939 b,K01722.01
Kepler-94 b,K00104.01
Kepler-940 b,K01723.01
Kepler-941 b,K01724.01
Kepler-942 b,K01726.01
Kepler-943 b,K01727.01
Kepler-944 b,K01732.01
Kepler-945 b,K01736.01
Kepler-946 b,K01746.01
Kepler-947 b,K01749.01
Kepler-948 b,K01750.01
Kepler-949 b,K01751.01
Kepler-95 b,K00122.01
Kepler-950 b,K01787.01
Kepler-951 A b,K01788.01
Kepler-952 b,K01790.01
Kepler-953 b,K01792.01
Kepler-953 c,K01792.03
Kepler-954 b,K01797.01
Kepler-955 b,K01801.01
Kepler-956 b,K01802.01
Kepler-957 b,K01804.01
Kepler-958 b,K01813.01
Kepler-959 b,K01814.01
Kepler-96 b,K00261.01
Kepler-960 b,K01815.01
Kepler-961 b,K01818.01
Kepler-962 b,K01819.01
Kepler-963 b,K01821.01
Kepler-964 b,K01825.01
Kepler-965 b,K01826.01
Kepler-966 b,K01828.01
Kepler-967 b,K01830.01
Kepler-967 c,K01830.02
Kepler-968 b,K01833.01
Kepler-968 c,K01833.03
Kepler-969 b,K01837.01
Kepler-969 c,K01837.02
Kepler-97 b,K00292.01
Kepler-970 B b,K01838.01
Kepler-971 b,K01839.01
Kepler-972 b,K01840.01
Kepler-973 b,K01841.01
Kepler-974 b,K01843.01
Kepler-975 b,K01845.01
Kepler-976 b,K01846.01
Kepler-977 b,K01847.01
Kepler-978 b,K01848.01
Kepler-979 b,K01849.01
Kepler-98 b,K00299.01
Kepler-980 b,K01850.01
Kepler-981 b,K01851.01
Kepler-982 b,K01852.01
Kepler-983 b,K01853.01
Kepler-984 b,K01854.01
Kepler-985 b,K01858.01
Kepler-986 b,K01862.01
Kepler-987 b,K01866.01
Kepler-988 b,K01868.01
Kepler-989 b,K01870.01
Kepler-99 B b,K00305.01
Kepler-990 b,K01875.01
Kepler-990 c,K01875.02
Kepler-991 b,K01876.01
Kepler-992 b,K01877.01
Kepler-993 b,K01879.01
Kepler-994 b,K01880.01
Kepler-995 b,K01881.01
Kepler-996 b,K01882.01
Kepler-997 b,K01883.01
Kepler-998 b,K01885.01
Kepler-999 b,K01886.01
